[{"id": 1, "title": {"en": "Astrowind", "vi": "Astrowind", "zh": "Astrowind", "ar": "Astrowind"}, "title_template": {"en": "%s - AstroWind template", "vi": "%s - Mẫu AstroWind", "zh": "%s - AstroWind 模板", "ar": "%s - قالب AstroWind"}, "description": {"en": "🚀 Suitable for Startups, Small Business, Sass Websites, Professional Portfolios, Marketing Websites, Landing Pages & Blogs.", "vi": "🚀 Phù hợp cho Startups, Doanh nghiệp nhỏ, Trang web Sass, Hồ sơ chuyên nghiệp, Trang web Marketing, Trang đích & Blog.", "zh": "🚀 适用于初创企业、小型企业、Sass 网站、专业作品集、营销网站、着陆页和博客。", "ar": "🚀 مناسب للشركات الناشئة، الشركات الصغيرة، مواقع Sass، المحافظ المهنية، مواقع التسويق، صفحات الهبوط والمدونات."}, "canonical": {"en": "", "vi": "", "zh": "", "ar": ""}, "ignore_title_template": "0", "robots": 1, "open_graph": 1, "twitter": 1}]