[{"id": 1, "title": {"en": "The Blog", "vi": "Blog", "zh": "博客", "ar": "المدونة"}, "subtitle": {"en": "A statically generated blog example with news, tutorials, resources and other interesting content related to AstroWind", "vi": "Một ví dụ về blog được tạo tĩnh với tin tức, hướng dẫn, tài nguyên và các nội dung thú vị khác liên quan đến AstroWind", "zh": "一个静态生成的博客示例，包含与AstroWind相关的新闻、教程、资源和其他有趣内容", "ar": "مدونة مُنشأة بشكل ثابت تحتوي على أخبار، دروس، موارد ومحتويات شيقة أخرى تتعلق بـAstroWind"}, "tag_text": {"en": "Tag", "vi": "Thẻ", "zh": "标签", "ar": "وسم"}, "category_text": {"en": "Category", "vi": "Danh mục", "zh": "分类", "ar": "فئة"}, "page_text": {"en": "Page", "vi": "Trang", "zh": "页面", "ar": "صفحة"}, "blog_text": {"en": "Blog", "vi": "Blog", "zh": "博客", "ar": "مدونة"}, "back_to_blog_text": {"en": "Back to blog", "vi": "Quay lại blog", "zh": "返回博客", "ar": "العودة إلى المدونة"}, "posts_by_tag_text": {"en": "Posts by tag", "vi": "Bài viết theo thẻ", "zh": "按标签查看文章", "ar": "مقالات حسب الوسم"}, "related_posts_text": {"en": "Related Posts", "vi": "Bài viết liên quan", "zh": "相关推荐", "ar": "مقالات ذات صلة"}, "view_all_posts_text": {"en": "View All Posts", "vi": "Xem tất cả bài viết", "zh": "查看所有文章", "ar": "عرض جميع المقالات"}, "prev_text": {"en": "Newer posts", "vi": "Bài mới hơn", "zh": "较新文章", "ar": "مقالات أحدث"}, "next_text": {"en": "Older posts", "vi": "Bài cũ hơn", "zh": "较旧文章", "ar": "مقالات أقدم"}}]