[{"id": 1, "header": 1, "footer": 1, "announcement": {"en": "<a href=\"https://github.com/onwidget/astrowind/\" target=\"_blank\"> If you like AstroWind, give Astrowind a star. </a>", "vi": "<a href=\"https://github.com/onwidget/astrowind/\" target=\"_blank\"> Nếu bạn thích AstroWind, hãy cho Astrowind một ngôi sao. </a>", "zh": "<a href=\"https://github.com/onwidget/astrowind/\" target=\"_blank\"> 如果你喜欢AstroWind，请给Astrowind一个星星。</a>", "ar": "<a href=\"https://github.com/onwidget/astrowind/\" target=\"_blank\"> إذا أعجبك AstroWind، قم بإعطاء Astrowind نجمة. </a>"}, "philosophy_text": {"en": "Philosophy", "vi": "Triết lý", "zh": "理念", "ar": "الفلسفة"}, "philosophy": {"en": "Simplicity, Best Practices and High Performance", "vi": "Đơn giản, Thực tiễn tốt nhất và Hiệu suất cao", "zh": "简单、最佳实践和高性能", "ar": "البساطة، أفضل الممارسات والأداء العالي"}, "default_metadata": 1}]