[{"id": 18, "title": {"en": "Tools", "vi": "Công cụ", "zh": "工具", "ar": "الأدوات"}, "slug": {"en": "tools", "vi": "cong-cu", "zh": "gong-ju", "ar": "ldwt"}}, {"id": 15, "title": {"en": "Resources", "vi": "Tài nguyên", "zh": "资源", "ar": "الموارد"}, "slug": {"en": "resources", "vi": "tai-nguyen", "zh": "zi-yuan", "ar": "lmwrd"}}, {"id": 14, "title": {"en": "Front End", "vi": "Giao Diện Người Dùng", "zh": "前端", "ar": "الواجهة الأمامية"}, "slug": {"en": "front-end", "vi": "giao-dien-nguoi-dung", "zh": "qian-duan", "ar": "lwjh-lmmy"}}, {"id": 13, "title": {"en": "Landing Pages", "vi": "Trang Đích", "zh": "登陆页面", "ar": "صفحات الهبوط"}, "slug": {"en": "landing-pages", "vi": "trang-dich", "zh": "deng-lu-ye-mian", "ar": "sfht-lhbwt"}}, {"id": 12, "title": {"en": "Theme", "vi": "Giao diện", "zh": "主题", "ar": "الثيم"}, "slug": {"en": "theme", "vi": "giao-dien", "zh": "zhu-ti", "ar": "lthym"}}, {"id": 11, "title": {"en": "Tailwind CSS", "vi": "Tailwind CSS", "zh": "Tailwind CSS", "ar": "Tailwind CSS"}, "slug": {"en": "tailwind-css", "vi": "tailwind-css", "zh": "tailwind-css", "ar": "tailwind-css"}}, {"id": 10, "title": {"en": "Astro", "vi": "Astro", "zh": "Astro", "ar": "Astro"}, "slug": {"en": "astro", "vi": "astro", "zh": "astro", "ar": "astro"}}]