[{"id": 14, "awpost": 1, "awposttag": 18}, {"id": 15, "awpost": 1, "awposttag": 10}, {"id": 16, "awpost": 1, "awposttag": 11}, {"id": 17, "awpost": 4, "awposttag": 10}, {"id": 18, "awpost": 4, "awposttag": 14}, {"id": 19, "awpost": 4, "awposttag": 15}, {"id": 20, "awpost": 3, "awposttag": 10}, {"id": 21, "awpost": 3, "awposttag": 13}, {"id": 22, "awpost": 3, "awposttag": 14}, {"id": 23, "awpost": 3, "awposttag": 15}, {"id": 24, "awpost": 2, "awposttag": 10}, {"id": 25, "awpost": 2, "awposttag": 11}, {"id": 26, "awpost": 2, "awposttag": 12}]