[{"id": 4, "src_file": {"en": "", "vi": "", "zh": "", "ar": ""}, "src_url": {"en": "https://images.unsplash.com/photo-1546984575-757f4f7c13cf?ixlib=rb-4.0.3&ixid=M3wxMjA3fDB8MHxwaG90by1wYWdlfHx8fGVufDB8fHx8fA%3D%3D&auto=format&fit=crop&w=2070&q=80", "vi": "", "zh": "", "ar": ""}, "alt": {"en": "", "vi": "", "zh": "", "ar": ""}}, {"id": 3, "src_file": {"en": "", "vi": "", "zh": "", "ar": ""}, "src_url": {"en": "https://images.unsplash.com/photo-1561069934-eee225952461?ixlib=rb-4.0.3&ixid=M3wxMjA3fDB8MHxwaG90by1wYWdlfHx8fGVufDB8fHx8fA%3D%3D&auto=format&fit=crop&w=2070&q=80", "vi": "", "zh": "", "ar": ""}, "alt": {"en": "", "vi": "", "zh": "", "ar": ""}}, {"id": 2, "src_file": {"en": "", "vi": "", "zh": "", "ar": ""}, "src_url": {"en": "https://images.unsplash.com/photo-1637144113536-9c6e917be447?ixlib=rb-4.0.3&ixid=M3wxMjA3fDB8MHxwaG90by1wYWdlfHx8fGVufDB8fHx8fA%3D%3D&auto=format&fit=crop&w=1674&q=80", "vi": "", "zh": "", "ar": ""}, "alt": {"en": "", "vi": "", "zh": "", "ar": ""}}, {"id": 1, "src_file": {"en": "", "vi": "", "zh": "", "ar": ""}, "src_url": {"en": "https://images.unsplash.com/photo-1516996087931-5ae405802f9f?ixlib=rb-4.0.3&ixid=M3wxMjA3fDB8MHxwaG90by1wYWdlfHx8fGVufDB8fHx8fA%3D%3D&auto=format&fit=crop&w=2070&q=80", "vi": "", "zh": "", "ar": ""}, "alt": {"en": "", "vi": "", "zh": "", "ar": ""}}]