[{"id": 2, "variant": "secondary", "target": "", "text": {"en": "Learn more", "vi": "Tìm hiểu thêm", "zh": "了解更多", "ar": "تعلم المزيد"}, "href": "#features", "icon": ""}, {"id": 1, "variant": "primary", "target": "_blank", "text": {"en": "Get template", "vi": "Tải mẫu", "zh": "获取模板", "ar": "احصل على القالب"}, "href": "https://github.com/onwidget/astrowind", "icon": "tabler:download"}, {"id": 3, "variant": "secondary", "target": "", "text": {"en": "See more", "vi": "Xem thêm", "zh": "查看更多", "ar": "شاهد المزيد"}, "href": "/", "icon": ""}, {"id": 4, "variant": "secondary", "target": "_blank", "text": {"en": "Get started", "vi": "Bắt đầu ngay", "zh": "开始使用", "ar": "ابدأ الآن"}, "href": "#", "icon": ""}, {"id": 5, "variant": "primary", "target": "", "text": {"en": "Get started now", "vi": "Bắt đầu ngay bây giờ", "zh": "立即开始", "ar": "ابدأ الآن"}, "href": "/", "icon": ""}]