[{"id": 1, "title": {"en": "Astro + Tailwind CSS", "vi": "Astro + Tailwind CSS", "zh": "Astro + Tailwind CSS", "ar": "Astro + Tailwind CSS"}, "subtitle": {"en": "Be very surprised by these huge fake numbers you are seeing on this page. <br class=\"hidden md:inline\" />Don't\r\n      waste more time! :P", "vi": "Ngạc nhiên chưa với những con số khổng lồ giả mạo mà bạn đang thấy trên trang này. <br class=\"hidden md:inline\" />Đừng\r\n      lãng phí thêm thời gian nữa! :P", "zh": "看到页面上这些巨大的虚假数字会让你非常惊讶。<br class=\"hidden md:inline\" />不要再浪费时间了！ :P", "ar": "استعد للدهشة من هذه الأرقام الضخمة المزيفة التي تراها في هذه الصفحة. <br class=\"hidden md:inline\" />لا\r\n      تضيع المزيد من الوقت! :P"}, "tagline": {"en": "", "vi": "", "zh": "", "ar": ""}}, {"id": 2, "title": {"en": "Ready to boost your projects?", "vi": "Sẵn sàng nâng tầm dự án của bạn?", "zh": "准备提升你的项目了吗？", "ar": "هل أنت مستعد لتعزيز مشاريعك؟"}, "subtitle": {"en": "Join our community of satisfied customers who have transformed their work with our templates.", "vi": "Tham gia cộng đồng khách hàng hài lòng của chúng tôi, những người đã biến đổi công việc của họ với các mẫu của chúng tôi.", "zh": "加入我们的社区，与众多满意的客户一起，通过我们的模板改变你的工作。", "ar": "انضم إلى مجتمع عملائنا الراضين الذين حولوا أعمالهم باستخدام قوالبنا."}, "tagline": {"en": "", "vi": "", "zh": "", "ar": ""}}]