[{"id": 3, "title": {"en": "", "vi": "", "zh": "", "ar": ""}, "subtitle": {"en": "", "vi": "", "zh": "", "ar": ""}, "tagline": {"en": "", "vi": "", "zh": "", "ar": ""}, "html_id": "", "call_to_action": "", "image": 4, "content": {"en": "Designed to foster growth and success.", "vi": "Được thiết kế để thúc đẩy sự phát triển và thành công.", "zh": "旨在促进成长与成功。", "ar": "مصمم لتعزيز النمو والنجاح."}, "columns": 0, "is_reversed": "1", "is_after_content": "1"}, {"id": 1, "title": {"en": "AstroWind's Blueprint: Fun Meets Functionality!", "vi": "Bản thiết kế của AstroWind: Vui Nhộn Gặp Gỡ Tính Năng!", "zh": "AstroWind的蓝图：趣味与功能兼备！", "ar": "خطة AstroWind: المتعة تلتقي بالوظائف!"}, "subtitle": {"en": "", "vi": "", "zh": "", "ar": ""}, "tagline": {"en": "Inside template", "vi": "Bên trong mẫu", "zh": "模板内部", "ar": "داخل القالب"}, "html_id": "", "call_to_action": "", "image": 2, "content": {"en": "<h3 class=\"text-2xl font-bold tracking-tight dark:text-white sm:text-3xl mb-2\">Building on modern foundations</h3>\r\nGain a competitive advantage by incorporating industry leading practices", "vi": "<h3 class=\"text-2xl font-bold tracking-tight dark:text-white sm:text-3xl mb-2\">Xây dựng trên nền tảng hiện đại</h3>\r\nGiành lợi thế cạnh tranh bằng cách áp dụng các thực tiễn hàng đầu trong ngành", "zh": "<h3 class=\"text-2xl font-bold tracking-tight dark:text-white sm:text-3xl mb-2\">建立在现代基础上</h3>\r\n通过采用行业领先的做法获得竞争优势", "ar": "<h3 class=\"text-2xl font-bold tracking-tight dark:text-white sm:text-3xl mb-2\">البناء على أسس حديثة</h3>\r\nاحصل على ميزة تنافسية من خلال دمج الممارسات الرائدة في الصناعة"}, "columns": 0, "is_reversed": "1", "is_after_content": "0"}, {"id": 2, "title": {"en": "", "vi": "", "zh": "", "ar": ""}, "subtitle": {"en": "", "vi": "", "zh": "", "ar": ""}, "tagline": {"en": "", "vi": "", "zh": "", "ar": ""}, "html_id": "", "call_to_action": "", "image": 3, "content": {"en": "Ensure your online presence truly represents you.", "vi": "Đảm bảo sự hiện diện trực tuyến của bạn thực sự đại diện cho bạn.", "zh": "确保您的线上形象真实地代表您自己。", "ar": "تأكد من أن تواجدك على الإنترنت يعكسك بشكل حقيقي."}, "columns": 0, "is_reversed": "0", "is_after_content": "1"}, {"id": 4, "title": {"en": "123", "vi": "", "zh": "", "ar": ""}, "subtitle": {"en": "123", "vi": "", "zh": "", "ar": ""}, "tagline": {"en": "123", "vi": "", "zh": "", "ar": ""}, "html_id": "", "call_to_action": "", "image": "", "content": {"en": "okaa", "vi": "", "zh": "", "ar": ""}, "columns": 1, "is_reversed": "0", "is_after_content": "0"}]