[{"id": 1, "title": {"en": "Drop us a message today!", "vi": "Gửi tin nhắn cho chúng tôi hôm nay!", "zh": "今天给我们留言吧！", "ar": "أرسل لنا رسالة اليوم!"}, "subtitle": {"en": "For quicker answers, explore our FAQs section. You may find the solution you're looking  for right there! If not, our support team is delighted to help you.", "vi": "Để có câu trả lời nhanh hơn, hãy khám phá phần Câu hỏi thường gặp của chúng tôi. Bạn có thể tìm thấy giải pháp bạn đang tìm kiếm ngay ở đó! Nếu không, đội ngũ hỗ trợ của chúng tôi rất vui lòng giúp bạn.", "zh": "想要更快的答案？请查看我们的常见问题部分。你可能会在那找到所需的解决方案！如果没有，我们的支持团队很乐意为你提供帮助。", "ar": "لإجابات أسرع، استكشف قسم الأسئلة الشائعة. قد تجد الحل الذي تبحث عنه هناك! وإذا لم تجد، فإن فريق الدعم لدينا يسعد بمساعدتك."}, "tagline": {"en": "", "vi": "", "zh": "", "ar": ""}, "html_id": "", "textarea": 1, "disclaimer": 1, "button": {"en": "Contact us", "vi": "Liên hệ với chúng tôi", "zh": "联系我们", "ar": "اتصل بنا"}, "description": {"en": "Our support team typically responds within 24 business hours.", "vi": "Đội ngũ hỗ trợ của chúng tôi thường phản hồi trong vòng 24 giờ làm việc.", "zh": "我们的支持团队通常会在24个工作小时内回复。", "ar": "عادةً ما يستجيب فريق الدعم لدينا في غضون 24 ساعة عمل."}, "submit_url": {"en": "", "vi": "", "zh": "", "ar": ""}}]