[{"id": 1, "title": {"en": "Frequently Asked Questions", "vi": "Câu Hỏi Thường Gặp", "zh": "常见问题解答", "ar": "الأسئلة الشائعة"}, "subtitle": {"en": "Dive into the following questions to gain insights into the powerful features that AstroWind offers and how it can elevate your web development journey.", "vi": "Hãy tìm hiểu những câu hỏi sau để khám phá những tính năng mạnh mẽ mà AstroWind mang lại và cách nó có thể nâng cao hành trình phát triển web của bạn.", "zh": "深入了解以下问题，探索AstroWind强大的功能，以及它如何提升您的网页开发之旅。", "ar": "استعرض الأسئلة التالية لتكتسب نظرة عن الميزات القوية التي يقدمها AstroWind وكيف يمكن أن يرتقي برحلتك في تطوير الويب."}, "tagline": {"en": "FAQs", "vi": "FAQs", "zh": "FAQs", "ar": "الأسئلة المتكررة"}, "html_id": "", "columns": 2}, {"id": 2, "title": {"en": "Pricing FAQs", "vi": "Câu hỏi thường gặp về giá cả", "zh": "价格常见问题", "ar": "الأسئلة الشائعة حول الأسعار"}, "subtitle": {"en": "Choosing the right plan is important, and we're here to answer your questions. If you have queries about our pricing options, you're in the right place.", "vi": "Chọn gói phù hợp rất quan trọng và chúng tôi ở đây để giải đáp thắc mắc của bạn. Nếu bạn có câu hỏi về các tùy chọn giá của chúng tôi, bạn đã đến đúng chỗ.", "zh": "选择合适的计划很重要，我们在这里回答您的问题。如果您对我们的定价选项有疑问，您来对地方了。", "ar": "اختيار الخطة المناسبة أمر مهم، ونحن هنا للإجابة على أسئلتك. إذا كان لديك استفسارات حول خيارات الأسعار لدينا، فأنت في المكان المناسب."}, "tagline": {"en": "", "vi": "", "zh": "", "ar": ""}, "html_id": "", "columns": 1}]