[{"id": 1, "title": {"en": "Most used widgets", "vi": "Các widget được sử dụng nhiều nhất", "zh": "最常用的小部件", "ar": "الأدوات الأكثر استخدامًا"}, "subtitle": {"en": "Provides frequently used components for building websites using Tailwind CSS", "vi": "Cung cấp các thành phần thường dùng để xây dựng website với Tailwind CSS", "zh": "提供使用 Tailwind CSS 建站时常用的组件", "ar": "يوفر مكونات مستخدمة بشكل متكرر لبناء المواقع باستخدام Tailwind CSS"}, "tagline": {"en": "Components", "vi": "Các thành phần", "zh": "组件", "ar": "المكونات"}, "html_id": "", "default_icon": "", "columns": 3}, {"id": 4, "title": {"en": "We are here to help!", "vi": "Chúng tôi luôn sẵn sàng giúp đỡ!", "zh": "我们在这里帮助您！", "ar": "نحن هنا للمساعدة!"}, "subtitle": {"en": "", "vi": "", "zh": "", "ar": ""}, "tagline": {"en": "", "vi": "", "zh": "", "ar": ""}, "html_id": "", "default_icon": "", "columns": 3}, {"id": 2, "title": {"en": "Our locations", "vi": "Địa chỉ của chúng tôi", "zh": "我们的地点", "ar": "مواقعنا"}, "subtitle": {"en": "", "vi": "", "zh": "", "ar": ""}, "tagline": {"en": "Find us", "vi": "Tìm chúng tôi", "zh": "找到我们", "ar": "اعثر علينا"}, "html_id": "", "default_icon": "", "columns": 4}, {"id": 3, "title": {"en": "Technical Support", "vi": "Hỗ Trợ Kỹ Thuật", "zh": "技术支持", "ar": "الدعم الفني"}, "subtitle": {"en": "", "vi": "", "zh": "", "ar": ""}, "tagline": {"en": "Contact us", "vi": "Liên hệ với chúng tôi", "zh": "联系我们", "ar": "تواصل معنا"}, "html_id": "", "default_icon": "", "columns": 2}]