[{"id": 1, "title": {"en": "What you get with AstroWind", "vi": "Những gì bạn nhận được với AstroWind", "zh": "AstroWind 提供的内容", "ar": "ما الذي ستحصل عليه مع AstroWind"}, "subtitle": {"en": "One of the most professional and comprehensive templates currently on the market. Most starred & forked Astro theme in 2022.", "vi": "Một trong những mẫu chuyên nghiệp và toàn diện nhất hiện nay trên thị trường. Chủ đề Astro được đánh giá cao nhất & được fork nhiều nhất trong năm 2022.", "zh": "目前市场上最专业和全面的模板之一。2022年最受欢迎和分叉最多的 Astro 主题。", "ar": "واحدة من أكثر القوالب احترافية وشمولية في السوق حاليًا. أكثر قالب Astro حصولاً على النجوم والتفرعات في 2022."}, "tagline": {"en": "Features", "vi": "Tính năng", "zh": "功能", "ar": "المميزات"}, "html_id": "features", "default_icon": "", "columns": 2}]