[{"id": 1, "title": {"en": "Our templates", "vi": "Mẫu của chúng tôi", "zh": "我们的模板", "ar": "قوالبنا"}, "subtitle": {"en": "Etiam scelerisque, enim eget vestibulum luctus, nibh mauris blandit nulla, nec vestibulum risus justo ut enim. Praesent lacinia diam et ante imperdiet euismod.", "vi": "Etiam scelerisque, enim eget vestibulum luctus, nibh mauris blandit nulla, nec vestibulum risus justo ut enim. Praesent lacinia diam et ante imperdiet euismod.", "zh": "Etiam scelerisque，提供了一个完美的解决方案。它结合了强大的功能和简洁的设计，使您能够轻松创建美观的网站。", "ar": "إيتيام سكيليريسك، إينيم إيغيت فيستيبيولوم لوكتوس، نيبه ماوريس بلاندت نولا، نيك فيستيبيولوم ريسوس جوستو أوت إينيم. برايزنت لاتشينيا ديام إيت أنت إمبيردييت إويسمود."}, "tagline": {"en": "", "vi": "", "zh": "", "ar": ""}, "html_id": "", "columns": 3, "default_icon": "", "is_before_content": "1", "is_after_content": "0"}, {"id": 2, "title": {"en": "", "vi": "", "zh": "", "ar": ""}, "subtitle": {"en": "", "vi": "", "zh": "", "ar": ""}, "tagline": {"en": "", "vi": "", "zh": "", "ar": ""}, "html_id": "", "columns": 3, "default_icon": "", "is_before_content": "0", "is_after_content": "1"}, {"id": 3, "title": {"en": "Price-related features", "vi": "Các tính năng liên quan đến giá", "zh": "价格相关功能", "ar": "ميزات متعلقة بالأسعار"}, "subtitle": {"en": "Discover the advantages of choosing our plans", "vi": "Khám phá lợi ích khi chọn các gói của chúng tôi", "zh": "了解选择我们套餐的优势", "ar": "اكتشف مزايا اختيار خططنا"}, "tagline": {"en": "", "vi": "", "zh": "", "ar": ""}, "html_id": "", "columns": 2, "default_icon": "", "is_before_content": "0", "is_after_content": "0"}]