[{"id": 3, "text": {"en": "Docs", "vi": "", "zh": "", "ar": ""}, "href": "#", "aria_label": {"en": "", "vi": "", "zh": "", "ar": ""}, "icon": ""}, {"id": 1, "text": {"en": "Features", "vi": "", "zh": "", "ar": ""}, "href": "#", "aria_label": {"en": "", "vi": "", "zh": "", "ar": ""}, "icon": ""}, {"id": 4, "text": {"en": "Features", "vi": "Tính năng", "zh": "功能", "ar": "المميزات"}, "href": "#", "aria_label": {"en": "", "vi": "", "zh": "", "ar": ""}, "icon": ""}, {"id": 5, "text": {"en": "Security", "vi": "Bảo mật", "zh": "安全", "ar": "الأمان"}, "href": "#", "aria_label": {"en": "", "vi": "", "zh": "", "ar": ""}, "icon": ""}, {"id": 2, "text": {"en": "Developer API", "vi": "API dành cho nhà phát triển", "zh": "开发者 API", "ar": "واجهة برمجة التطبيقات للمطورين"}, "href": "#", "aria_label": {"en": "", "vi": "", "zh": "", "ar": ""}, "icon": ""}]