[{"id": 2, "title": {"en": "Let's Connect!", "vi": "Hãy Kết Nối!", "zh": "一起交流吧！", "ar": "دعونا نتواصل!"}, "subtitle": {"en": "", "vi": "", "zh": "", "ar": ""}, "tagline": {"en": "Contact", "vi": "Liên Hệ", "zh": "联系", "ar": "اتصل"}, "html_id": "", "content": {"en": "", "vi": "", "zh": "", "ar": ""}, "call_to_action": "", "call_to_action2": ""}, {"id": 1, "title": {"en": "Stellar Pricing for Every Journey", "vi": "Giá Stellar cho Mỗi Hành Trình", "zh": "适合每个旅程的星级定价", "ar": "أسعار مذهلة لكل رحلة"}, "subtitle": {"en": "Choose the perfect plan that aligns with your cosmic goals.", "vi": "Chọn gói hoàn hảo phù hợp với mục tiêu vũ trụ của bạn.", "zh": "选择符合您宇宙目标的完美计划。", "ar": "اختر الخطة المثالية التي تتماشى مع أهدافك الكونية."}, "tagline": {"en": "Pricing", "vi": "Giá", "zh": "定价", "ar": "الأسعار"}, "html_id": "", "content": {"en": "", "vi": "", "zh": "", "ar": ""}, "call_to_action": "", "call_to_action2": ""}]