[{"id": 3, "text": {"en": "Features", "vi": "Tính năng", "zh": "功能", "ar": "المميزات"}, "href": "/#features", "aria_label": {"en": "", "vi": "", "zh": "", "ar": ""}, "icon": ""}, {"id": 6, "text": {"en": "Pricing", "vi": "Giá cả", "zh": "价格", "ar": "التسعير"}, "href": "/pricing", "aria_label": {"en": "", "vi": "", "zh": "", "ar": ""}, "icon": ""}, {"id": 7, "text": {"en": "About us", "vi": "Về chúng tôi", "zh": "关于我们", "ar": "معلومات عنا"}, "href": "/about", "aria_label": {"en": "", "vi": "", "zh": "", "ar": ""}, "icon": ""}, {"id": 8, "text": {"en": "Contact", "vi": "Liên hệ", "zh": "联系我们", "ar": "اتصل بنا"}, "href": "/contact", "aria_label": {"en": "", "vi": "", "zh": "", "ar": ""}, "icon": ""}, {"id": 9, "text": {"en": "Blog", "vi": "Blog", "zh": "博客", "ar": "مدونة"}, "href": "/blog", "aria_label": {"en": "", "vi": "", "zh": "", "ar": ""}, "icon": ""}]