[{"id": 3, "title": {"en": "Elevate your online presence with our <br /> <span class=\"text-accent dark:text-white highlight\"> Beautiful Website Templates</span>", "vi": "Nâng tầm hiện diện trực tuyến của bạn với <br /> <span class=\"text-accent dark:text-white highlight\"> Mẫu Website Đẹp</span>", "zh": "提升您的在线形象 <br /> <span class=\"text-accent dark:text-white highlight\"> 精美的网站模板</span>", "ar": "ارتقِ بحضورك على الإنترنت مع <br /> <span class=\"text-accent dark:text-white highlight\"> قوالب مواقعنا الجميلة</span>"}, "subtitle": {"en": "Donec efficitur, ipsum quis congue luctus, mauris magna convallis mauris, eu auctor nisi lectus non augue. Donec quis lorem non massa vulputate efficitur ac at turpis. Sed tincidunt ex a nunc convallis, et lobortis nisi tempus. Suspendisse vitae nisi eget tortor luctus maximus sed non lectus.", "vi": "Donec efficitur, ipsum quis congue luctus, mauris magna convallis mauris, eu auctor nisi lectus non augue. Donec quis lorem non massa vulputate efficitur ac at turpis. Sed tincidunt ex a nunc convallis, et lobortis nisi tempus. Suspendisse vitae nisi eget tortor luctus maximus sed non lectus.", "zh": "完成任务，简单轻松，效果出众。让您的网站脱颖而出，吸引更多访客。", "ar": "تمتع بكفاءة عالية، إما من خلال التصميم أو الأداء، مع واجهات رائعة وسهلة الاستخدام. نحن نوفر كل ما تحتاجه لبناء موقعك، بدءًا من التصاميم الجذابة إلى الأداء الفائق. احصل على كل ما تريد في مكان واحد."}, "tagline": {"en": "About us", "vi": "Về chúng tôi", "zh": "关于我们", "ar": "من نحن"}, "html_id": "", "content": {"en": "", "vi": "", "zh": "", "ar": ""}, "image": 6}, {"id": 1, "title": {"en": "Free template for <span class=\"hidden xl:inline\">creating websites with</span>\r\n      <span class=\"text-accent dark:text-white highlight\"> Astro 4.0</span> + Tailwind CSS", "vi": "Mẫu miễn phí cho <span class=\"hidden xl:inline\">việc tạo website với</span>\r\n      <span class=\"text-accent dark:text-white highlight\"> Astro 4.0</span> + Tailwind CSS", "zh": "免费模板用于<span class=\"hidden xl:inline\">创建网站，搭配</span>\r\n      <span class=\"text-accent dark:text-white highlight\"> Astro 4.0</span> + Tailwind CSS", "ar": "قالب مجاني ل<span class=\"hidden xl:inline\">إنشاء مواقع الويب باستخدام</span>\r\n      <span class=\"text-accent dark:text-white highlight\"> Astro 4.0</span> + Tailwind CSS"}, "subtitle": {"en": "<span class=\"hidden sm:inline\">\r\n        <span class=\"font-semibold\">AstroWind</span> is a free, customizable and production-ready template for Astro 4.0\r\n        + Tailwind CSS.</span>\r\n      <span class=\"block mb-1 sm:hidden font-bold text-blue-600\">AstroWind: Production-ready.</span>\r\n       Suitable for Startups, Small Business, SaaS websites, Professional Portfolios, Marketing websites, Landing Pages\r\n      & Blogs.", "vi": "<span class=\"hidden sm:inline\">\r\n        <span class=\"font-semibold\">AstroWind</span> là một mẫu miễn phí, có thể tùy chỉnh và sẵn sàng cho sản xuất dành cho Astro 4.0\r\n        + Tailwind CSS.</span>\r\n      <span class=\"block mb-1 sm:hidden font-bold text-blue-600\">AstroWind: Sẵn sàng cho sản xuất.</span>\r\n       Phù hợp cho các Startups, Doanh nghiệp nhỏ, trang web SaaS, Hồ sơ Nghề nghiệp chuyên nghiệp, trang web Tiếp thị, Trang đích\r\n      & Blog.", "zh": "<span class=\"hidden sm:inline\">\r\n        <span class=\"font-semibold\">AstroWind</span> 是一个免费的、可自定义的、适用于 Astro 4.0\r\n        + Tailwind CSS 的生产就绪模板。</span>\r\n      <span class=\"block mb-1 sm:hidden font-bold text-blue-600\">AstroWind：生产就绪。</span>\r\n       适用于初创企业、小型企业、SaaS 网站、专业作品集、市场营销网站、登陆页面\r\n      和博客。", "ar": "<span class=\"hidden sm:inline\">\r\n        <span class=\"font-semibold\">AstroWind</span> هو قالب مجاني، قابل للتخصيص وجاهز للاستخدام الفعلي لـ Astro 4.0\r\n        + Tailwind CSS.</span>\r\n      <span class=\"block mb-1 sm:hidden font-bold text-blue-600\">AstroWind: جاهز للاستخدام.</span>\r\n       مناسب للشركات الناشئة، الأعمال الصغيرة، مواقع SaaS، المحافظ المهنية، مواقع التسويق، الصفحات الرئيسية\r\n      والمدونات."}, "tagline": {"en": "", "vi": "", "zh": "", "ar": ""}, "html_id": "", "content": {"en": "", "vi": "", "zh": "", "ar": ""}, "image": 1}]