[{"id": 6, "src_file": {"en": "", "vi": "", "zh": "", "ar": ""}, "src_url": {"en": "https://images.unsplash.com/photo-1559136555-9303baea8ebd?ixlib=rb-4.0.3&ixid=M3wxMjA3fDB8MHxwaG90by1wYWdlfHx8fGVufDB8fHx8fA%3D%3D&auto=format&fit=crop&w=2070&q=80", "vi": "https://images.unsplash.com/photo-1559136555-9303baea8ebd?ixlib=rb-4.0.3&ixid=M3wxMjA3fDB8MHxwaG90by1wYWdlfHx8fGVufDB8fHx8fA%3D%3D&auto=format&fit=crop&w=2070&q=80", "zh": "https://images.unsplash.com/photo-1559136555-9303baea8ebd?ixlib=rb-4.0.3&ixid=M3wxMjA3fDB8MHxwaG90by1wYWdlfHx8fGVufDB8fHx8fA%3D%3D&auto=format&fit=crop&w=2070&q=80", "ar": "https://images.unsplash.com/photo-1559136555-9303baea8ebd?ixlib=rb-4.0.3&ixid=M3wxMjA3fDB8MHxwaG90by1wYWdlfHx8fGVufDB8fHx8fA%3D%3D&auto=format&fit=crop&w=2070&q=80"}, "alt": {"en": "Caos Image", "vi": "Hình ảnh hỗn loạn", "zh": "混乱图像", "ar": "صورة فوضى"}}, {"id": 2, "src_file": {"en": "", "vi": "", "zh": "", "ar": ""}, "src_url": {"en": "https://images.unsplash.com/photo-1519389950473-47ba0277781c?ixlib=rb-4.0.3&ixid=M3wxMjA3fDB8MHxwaG90by1wYWdlfHx8fGVufDB8fHx8fA%3D%3D&auto=format&fit=crop&w=2070&q=80", "vi": "https://images.unsplash.com/photo-1519389950473-47ba0277781c?ixlib=rb-4.0.3&ixid=M3wxMjA3fDB8MHxwaG90by1wYWdlfHx8fGVufDB8fHx8fA%3D%3D&auto=format&fit=crop&w=2070&q=80", "zh": "https://images.unsplash.com/photo-1519389950473-47ba0277781c?ixlib=rb-4.0.3&ixid=M3wxMjA3fDB8MHxwaG90by1wYWdlfHx8fGVufDB8fHx8fA%3D%3D&auto=format&fit=crop&w=2070&q=80", "ar": "https://images.unsplash.com/photo-1519389950473-47ba0277781c?ixlib=rb-4.0.3&ixid=M3wxMjA3fDB8MHxwaG90by1wYWdlfHx8fGVufDB8fHx8fA%3D%3D&auto=format&fit=crop&w=2070&q=80"}, "alt": {"en": "Colorful Image", "vi": "Hình ảnh đầy màu sắc", "zh": "彩色图片", "ar": "صورة ملونة"}}, {"id": 5, "src_file": {"en": "", "vi": "", "zh": "", "ar": ""}, "src_url": {"en": "https://images.unsplash.com/photo-1616198814651-e71f960c3180?ixlib=rb-4.0.3&ixid=M3wxMjA3fDB8MHxwaG90by1wYWdlfHx8fGVufDB8fHx8fA%3D%3D&auto=format&fit=crop&w=987&q=80", "vi": "https://images.unsplash.com/photo-1616198814651-e71f960c3180?ixlib=rb-4.0.3&ixid=M3wxMjA3fDB8MHxwaG90by1wYWdlfHx8fGVufDB8fHx8fA%3D%3D&auto=format&fit=crop&w=987&q=80", "zh": "https://images.unsplash.com/photo-1616198814651-e71f960c3180?ixlib=rb-4.0.3&ixid=M3wxMjA3fDB8MHxwaG90by1wYWdlfHx8fGVufDB8fHx8fA%3D%3D&auto=format&fit=crop&w=987&q=80", "ar": "https://images.unsplash.com/photo-1616198814651-e71f960c3180?ixlib=rb-4.0.3&ixid=M3wxMjA3fDB8MHxwaG90by1wYWdlfHx8fGVufDB8fHx8fA%3D%3D&auto=format&fit=crop&w=987&q=80"}, "alt": {"en": "Steps image", "vi": "Hình ảnh các bậc thang", "zh": "台阶图片", "ar": "صورة سلالم"}}, {"id": 7, "src_file": {"en": "", "vi": "", "zh": "", "ar": ""}, "src_url": {"en": "https://images.unsplash.com/photo-1536816579748-4ecb3f03d72a?ixlib=rb-4.0.3&ixid=M3wxMjA3fDB8MHxwaG90by1wYWdlfHx8fGVufDB8fHx8fA%3D%3D&auto=format&fit=crop&w=987&q=80", "vi": "https://images.unsplash.com/photo-1536816579748-4ecb3f03d72a?ixlib=rb-4.0.3&ixid=M3wxMjA3fDB8MHxwaG90by1wYWdlfHx8fGVufDB8fHx8fA%3D%3D&auto=format&fit=crop&w=987&q=80", "zh": "https://images.unsplash.com/photo-1536816579748-4ecb3f03d72a?ixlib=rb-4.0.3&ixid=M3wxMjA3fDB8MHxwaG90by1wYWdlfHx8fGVufDB8fHx8fA%3D%3D&auto=format&fit=crop&w=987&q=80", "ar": "https://images.unsplash.com/photo-1536816579748-4ecb3f03d72a?ixlib=rb-4.0.3&ixid=M3wxMjA3fDB8MHxwaG90by1wYWdlfHx8fGVufDB8fHx8fA%3D%3D&auto=format&fit=crop&w=987&q=80"}, "alt": {"en": "Steps image", "vi": "Hình ảnh các bậc thang", "zh": "台阶图片", "ar": "صورة خطوات"}}, {"id": 4, "src_file": {"en": "", "vi": "", "zh": "", "ar": ""}, "src_url": {"en": "https://images.unsplash.com/photo-1611462985358-60d3498e0364?ixlib=rb-4.0.3&ixid=M3wxMjA3fDB8MHxwaG90by1wYWdlfHx8fGVufDB8fHx8fA%3D%3D&auto=format&fit=crop&w=2070&q=80", "vi": "https://images.unsplash.com/photo-1611462985358-60d3498e0364?ixlib=rb-4.0.3&ixid=M3wxMjA3fDB8MHxwaG90by1wYWdlfHx8fGVufDB8fHx8fA%3D%3D&auto=format&fit=crop&w=2070&q=80", "zh": "https://images.unsplash.com/photo-1611462985358-60d3498e0364?ixlib=rb-4.0.3&ixid=M3wxMjA3fDB8MHxwaG90by1wYWdlfHx8fGVufDB8fHx8fA%3D%3D&auto=format&fit=crop&w=2070&q=80", "ar": "https://images.unsplash.com/photo-1611462985358-60d3498e0364?ixlib=rb-4.0.3&ixid=M3wxMjA3fDB8MHxwaG90by1wYWdlfHx8fGVufDB8fHx8fA%3D%3D&auto=format&fit=crop&w=2070&q=80"}, "alt": {"en": "Astronauts Image", "vi": "Hình ảnh các phi hành gia", "zh": "宇航员图片", "ar": "صورة رواد الفضاء"}}, {"id": 3, "src_file": {"en": "", "vi": "", "zh": "", "ar": ""}, "src_url": {"en": "https://images.unsplash.com/photo-1600132806370-bf17e65e942f?ixlib=rb-4.0.3&ixid=M3wxMjA3fDB8MHxwaG90by1wYWdlfHx8fGVufDB8fHx8fA%3D%3D&auto=format&fit=crop&w=2194&q=80", "vi": "https://images.unsplash.com/photo-1600132806370-bf17e65e942f?ixlib=rb-4.0.3&ixid=M3wxMjA3fDB8MHxwaG90by1wYWdlfHx8fGVufDB8fHx8fA%3D%3D&auto=format&fit=crop&w=2194&q=80", "zh": "https://images.unsplash.com/photo-1600132806370-bf17e65e942f?ixlib=rb-4.0.3&ixid=M3wxMjA3fDB8MHxwaG90by1wYWdlfHx8fGVufDB8fHx8fA%3D%3D&auto=format&fit=crop&w=2194&q=80", "ar": "https://images.unsplash.com/photo-1600132806370-bf17e65e942f?ixlib=rb-4.0.3&ixid=M3wxMjA3fDB8MHxwaG90by1wYWdlfHx8fGVufDB8fHx8fA%3D%3D&auto=format&fit=crop&w=2194&q=80"}, "alt": {"en": "Blueprint Image", "vi": "Hình ảnh bản vẽ", "zh": "蓝图图片", "ar": "صورة مخطط"}}, {"id": 1, "src_file": {"en": "", "vi": "", "zh": "", "ar": ""}, "src_url": {"en": "~/assets/images/hero-image.png", "vi": "", "zh": "", "ar": ""}, "alt": {"en": "AstroWind Hero Image", "vi": "Hình ảnh chính của AstroWind", "zh": "AstroWind 主图", "ar": "صورة بطل AstroWind"}}]