[{"id": 1, "content_type": "[\"astrowind_widgets\", \"awcontact\"]", "object_id": 1, "position": 1, "type": "text", "name": "name", "label": {"en": "Name", "vi": "Tên", "zh": "姓名", "ar": "الاسم"}, "autocomplete": "on", "placeholder": {"en": "", "vi": "", "zh": "", "ar": ""}}, {"id": 2, "content_type": "[\"astrowind_widgets\", \"awcontact\"]", "object_id": 1, "position": 2, "type": "email", "name": "email", "label": {"en": "Email", "vi": "Email", "zh": "电子邮件", "ar": "البريد الإلكتروني"}, "autocomplete": "on", "placeholder": {"en": "", "vi": "", "zh": "", "ar": ""}}]