[{"id": 16, "content_type": "[\"astrowind_widgets\", \"awfeature3\"]", "object_id": 1, "position": 1, "title": {"en": "Educational", "vi": "Giáo dục", "zh": "教育", "ar": "تعليمي"}, "description": {"en": "Morbi faucibus luctus quam, sit amet aliquet felis tempor id. Cras augue massa, ornare quis dignissim a, molestie vel nulla.", "vi": "Morbi faucibus luctus quam, sit amet aliquet felis tempor id. Cras augue massa, ornare quis dignissim a, molestie vel nulla.", "zh": "Morbi faucibus luctus quam, sit amet aliquet felis tempor id. Cras augue massa, ornare quis dignissim a, molestie vel nulla.", "ar": "موربي فوسيبوس لوكتوس كوام، سيت أميت أليكيت فيليس تيمبور إيد. كراس أوجوي ماسا، أورناري كويز ديجنيزيم أ، مولستيي فيل نولا."}, "icon": "tabler:template"}, {"id": 32, "content_type": "[\"astrowind_widgets\", \"awpriceitem\"]", "object_id": 1, "position": 1, "title": {"en": "", "vi": "", "zh": "", "ar": ""}, "description": {"en": "Etiam in libero, et volutpat", "vi": "Luôn tự do và thoải mái", "zh": "保持自由和灵活", "ar": "حتى في الحرية، وفي الراحة"}, "icon": ""}, {"id": 45, "content_type": "[\"astrowind_widgets\", \"awfeature3\"]", "object_id": 3, "position": 1, "title": {"en": "Tiered Pricing Plans", "vi": "Các Gói Giá Theo Tầng", "zh": "分级定价计划", "ar": "خطط تسعير متدرجة"}, "description": {"en": "Choose from a range of pricing plans designed to accommodate different budgets and requirements.", "vi": "Chọn từ nhiều gói giá được thiết kế để phù hợp với các ngân sách và yêu cầu khác nhau.", "zh": "选择适合不同预算和需求的定价计划。", "ar": "اختر من بين مجموعة من خطط التسعير المصممة لتناسب مختلف الميزانيات والمتطلبات."}, "icon": "tabler:stairs"}, {"id": 63, "content_type": "[\"astrowind_widgets\", \"awcontent\"]", "object_id": 4, "position": 1, "title": {"en": "test", "vi": "", "zh": "", "ar": ""}, "description": {"en": "test", "vi": "", "zh": "", "ar": ""}, "icon": ""}, {"id": 36, "content_type": "[\"astrowind_widgets\", \"awpriceitem\"]", "object_id": 2, "position": 1, "title": {"en": "", "vi": "", "zh": "", "ar": ""}, "description": {"en": "Proin vel laoreet", "vi": "Hướng tới sự chuyên nghiệp", "zh": "专注于学习", "ar": "بروين فيل لوريت"}, "icon": ""}, {"id": 52, "content_type": "[\"astrowind_widgets\", \"awfaq\"]", "object_id": 2, "position": 1, "title": {"en": "Do the plans come with customer support?", "vi": "Các gói có bao gồm hỗ trợ khách hàng không?", "zh": "套餐是否包含客户支持？", "ar": "هل تأتي الخطط مع دعم العملاء؟"}, "description": {"en": "Absolutely, all plans include access to our dedicated customer support to assist you with any queries or concerns.", "vi": "Chắc chắn rồi, tất cả các gói đều bao gồm quyền truy cập vào hỗ trợ khách hàng tận tâm của chúng tôi để giúp bạn với bất kỳ thắc mắc hay lo lắng nào.", "zh": "当然，所有套餐都包括专门的客户支持，以帮助您解决任何疑问或问题。", "ar": "بالتأكيد، جميع الخطط تشمل الوصول إلى دعم العملاء المخصص لدينا لمساعدتك في أي استفسارات أو مخاوف."}, "icon": ""}, {"id": 3, "content_type": "[\"astrowind_widgets\", \"awcontent\"]", "object_id": 1, "position": 1, "title": {"en": "Built on top of Astro 4.0", "vi": "Xây dựng trên nền tảng Astro 4.0", "zh": "基于 Astro 4.0 构建", "ar": "مبني على Astro 4.0"}, "description": {"en": "Benefiting from the performance and developer-friendly features of this modern static site generator.", "vi": "Tận dụng hiệu suất cao và các tính năng thân thiện với nhà phát triển của trình tạo trang tĩnh hiện đại này.", "zh": "利用这个现代静态站点生成器的高性能和开发者友好特性。", "ar": "الاستفادة من الأداء والميزات الملائمة للمطورين لهذا المولد الحديث للمواقع الثابتة."}, "icon": ""}, {"id": 27, "content_type": "[\"astrowind_widgets\", \"awfeature2\"]", "object_id": 3, "position": 1, "title": {"en": "Chat with us", "vi": "Trò chuyện với chúng tôi", "zh": "与我们聊天", "ar": "تحدث معنا"}, "description": {"en": "Integer luctus laoreet libero, auctor varius purus rutrum sit amet. Ut nec molestie nisi, quis eleifend mi.", "vi": "Integer luctus laoreet libero, auctor varius purus rutrum sit amet. Ut nec molestie nisi, quis eleifend mi.", "zh": "Integer luctus laoreet libero， auctor varius purus rutrum sit amet。 Ut nec molestie nisi， quis eleifend mi。", "ar": "يتيح لك الدردشة معنا، حيث يمكنك مناقشة أي موضوع تريده. نحن هنا لمساعدتك!"}, "icon": "tabler:messages"}, {"id": 7, "content_type": "[\"astrowind_widgets\", \"awcontent\"]", "object_id": 3, "position": 1, "title": {"en": "Enhanced user engagement", "vi": "Nâng cao tương tác người dùng", "zh": "提升用户互动", "ar": "تعزيز تفاعل المستخدمين"}, "description": {"en": "Captivate your audience with interactive elements, intuitive navigation, and visually appealing layouts, encouraging longer visits.", "vi": "Thu hút khán giả của bạn với các yếu tố tương tác, điều hướng trực quan và bố cục hấp dẫn, khuyến khích họ ở lại lâu hơn.", "zh": "通过互动元素、直观导航和视觉吸引的布局，吸引观众并延长访问时间。", "ar": "أسر جمهورك بعناصر تفاعلية، وتصفح سهل، وتصاميم جذابة بصرياً، مما يشجعهم على البقاء لفترة أطول."}, "icon": ""}, {"id": 29, "content_type": "[\"astrowind_widgets\", \"awstep2\"]", "object_id": 2, "position": 1, "title": {"en": "Customer-centric approach", "vi": "Cách tiếp cận lấy khách hàng làm trung tâm", "zh": "以客户为中心的方法", "ar": "نهج يركز على العملاء"}, "description": {"en": "Donec id nibh neque. Quisque et fermentum tortor. Fusce vitae dolor a mauris dignissim commodo. Ut eleifend luctus condimentum.", "vi": "Donec id nibh neque. Quisque et fermentum tortor. Fusce vitae dolor a mauris dignissim commodo. Ut eleifend luctus condimentum.", "zh": "保持谦逊。注重与客户的互动。结合优雅和实用性。确保每一步都秉持专业精神。", "ar": "تم تصميم الموقع ليكون صديقًا للعملاء. نحرص على تقديم أفضل الخدمات دائمًا. نسعى لتحقيق راحتكم ورضاكم. نقدم حلولاً متميزة لتلبية احتياجاتكم."}, "icon": ""}, {"id": 5, "content_type": "[\"astrowind_widgets\", \"awcontent\"]", "object_id": 2, "position": 1, "title": {"en": "High level of customization", "vi": "Tùy chỉnh cao cấp", "zh": "高度定制化", "ar": "مستوى عالٍ من التخصيص"}, "description": {"en": "Tailor the template effortlessly to match your brand's identity and requirements, making your website distinct and saving you time.", "vi": "Tùy chỉnh mẫu dễ dàng để phù hợp với nhận diện và yêu cầu của thương hiệu bạn, làm cho trang web của bạn trở nên độc đáo và tiết kiệm thời gian.", "zh": "轻松调整模板以匹配您的品牌身份和需求，使您的网站独特并节省时间。", "ar": "عدل القالب بسهولة ليتناسب مع هوية علامتك التجارية واحتياجاتك، مما يجعل موقعك مميزًا ويوفر لك الوقت."}, "icon": ""}, {"id": 21, "content_type": "[\"astrowind_widgets\", \"awstep2\"]", "object_id": 1, "position": 1, "title": {"en": "Global reach", "vi": "Tầm với toàn cầu", "zh": "全球覆盖", "ar": "الوصول العالمي"}, "description": {"en": "Nam malesuada urna in enim imperdiet tincidunt. Phasellus non tincidunt nisi, at elementum mi.", "vi": "Nam malesuada urna in enim imperdiet tincidunt. Phasellus non tincidunt nisi, at elementum mi.", "zh": "Nam malesuada urna in enim imperdiet tincidunt. Phasellus non tincidunt nisi, at elementum mi.", "ar": "نماء الملعثة في الرحم في تينكد. فاسيليس نون تينكد نيسي، في إليمنتوم مي."}, "icon": "tabler:globe"}, {"id": 19, "content_type": "[\"astrowind_widgets\", \"awfeature3\"]", "object_id": 2, "position": 1, "title": {"en": "E-commerce", "vi": "Thương mại điện tử", "zh": "电子商务", "ar": "التجارة الإلكترونية"}, "description": {"en": "Rutrum non odio at vehicula. Proin ipsum justo, dignissim in vehicula sit amet, dignissim id quam. Sed ac tincidunt sapien.", "vi": "Rutrum non odio at vehicula. Proin ipsum justo, dignissim in vehicula sit amet, dignissim id quam. Sed ac tincidunt sapien.", "zh": "车辆不讨厌。前沿只是，尊严在车辆上，尊严在某个地方。坐在智慧的树上。", "ar": "روتروم بدون كراهية عند المركبة. بروين إيبسوم جوستو، الديكور في المركبة، الديكور في كوام. سيد أك تينسيندات سابين."}, "icon": "tabler:template"}, {"id": 14, "content_type": "[\"astrowind_widgets\", \"awfaq\"]", "object_id": 1, "position": 1, "title": {"en": "Why AstroWind?", "vi": "Tại sao chọn AstroWind?", "zh": "为什么选择AstroWind？", "ar": "لماذا AstroWind؟"}, "description": {"en": "Michael Knight a young loner on a crusade to champion the cause of the innocent. The helpless. The powerless in a world of criminals who operate above the law. Here he comes Here comes Speed Racer. He's a demon on wheels.", "vi": "Michael Knight, một chàng trai trẻ cô độc trong cuộc hành trình để bảo vệ những người vô tội, những người không có khả năng tự vệ trong thế giới tội phạm hoạt động ngoài vòng pháp luật. Anh đang đến đây, đây là Speed Racer. Anh ấy như một con quỷ trên những bánh xe.", "zh": "Michael Knight是一个年轻的独行侠，致力于为无辜者、无助者和弱势群体争取正义。在这个罪犯逍遥法外的世界里，他挺身而出。看，他来了！就是那位飞车恶魔Speed Racer。", "ar": "مايكل نايت شاب وحيد في حملة للدفاع عن قضية الأبرياء. الضعفاء. العاجزين في عالم من المجرمين الذين يعملون فوق القانون. ها هو قادم، ها هو Speed Racer. إنه شيطان على عجلات."}, "icon": ""}, {"id": 23, "content_type": "[\"astrowind_widgets\", \"awfeature2\"]", "object_id": 2, "position": 1, "title": {"en": "EE.UU", "vi": "EE.UU", "zh": "EE.UU", "ar": "الولايات المتحدة الأمريكية"}, "description": {"en": "1234 Lorem Ipsum St, 12345, Miami", "vi": "1234 Lorem Ipsum St, 12345, Miami", "zh": "1234 Lorem Ipsum街, 12345, 迈阿密", "ar": "1234 شارع لوريم إيبسوم، 12345، ميامي"}, "icon": ""}, {"id": 9, "content_type": "[\"astrowind_widgets\", \"awstep\"]", "object_id": 1, "position": 1, "title": {"en": "Step 1: <span class=\"font-medium\">Download</span>", "vi": "Bước 1: <span class=\"font-medium\">Tải xuống</span>", "zh": "步骤 1: <span class=\"font-medium\">下载</span>", "ar": "الخطوة 1: <span class=\"font-medium\">تحميل</span>"}, "description": {"en": "Kickstart with GitHub! Either fork the AstroWind template or simply click 'Use this template'. Your canvas awaits, ready for your digital masterpiece. In just a few clicks, you've already set the foundation.", "vi": "Bắt đầu với GitHub! Bạn có thể fork mẫu AstroWind hoặc chỉ cần nhấp vào 'Use this template'. Khung vẽ của bạn đang chờ, sẵn sàng cho kiệt tác số của bạn. Chỉ với vài cú nhấp chuột, bạn đã đặt nền móng.", "zh": "从 GitHub 开始！你可以 fork AstroWind 模板，或者直接点击 'Use this template'。你的画布已准备好，等待你的数字杰作。只需几次点击，你就已经打好了基础。", "ar": "ابدأ مع GitHub! يمكنك إما إنشاء نسخة من قالب AstroWind أو ببساطة النقر على 'استخدام هذا القالب'. لوحتك جاهزة لاستقبال إبداعك الرقمي. في بضع نقرات فقط، تكون قد وضعت الأساس."}, "icon": "tabler:package"}, {"id": 11, "content_type": "[\"astrowind_widgets\", \"awfeature2\"]", "object_id": 1, "position": 1, "title": {"en": "Headers", "vi": "Tiêu đề", "zh": "标题", "ar": "العناوين"}, "description": {"en": "Ever tried driving without GPS? Boom! That's why websites need headers for direction.", "vi": "Bạn đã bao giờ lái xe mà không có GPS chưa? Bùm! Đó là lý do tại sao các trang web cần tiêu đề để định hướng.", "zh": "试过不开导航就开车吗？Boom！这就是为什么网站需要标题来指引方向。", "ar": "هل جربت القيادة بدون GPS؟ بوم! لهذا السبب تحتاج المواقع الإلكترونية إلى العناوين للإرشاد."}, "icon": "flat-color-icons:template"}, {"id": 1, "content_type": "[\"astrowind_widgets\", \"awfeature\"]", "object_id": 1, "position": 1, "title": {"en": "Astro + Tailwind CSS Integration", "vi": "Tích hợp Astro + Tailwind CSS", "zh": "Astro + Tailwind CSS 集成", "ar": "دمج Astro مع Tailwind CSS"}, "description": {"en": "A seamless integration between two great frameworks that offer high productivity, performance and versatility.", "vi": "Sự tích hợp liền mạch giữa hai framework tuyệt vời mang lại năng suất cao, hiệu suất tốt và tính linh hoạt.", "zh": "两大优秀框架无缝集成，提供高生产力、高性能和多功能性。", "ar": "دمج سلس بين إطارين رائعين يوفران إنتاجية عالية وأداءً متميزاً وتنوعاً كبيراً."}, "icon": "tabler:brand-tailwind"}, {"id": 41, "content_type": "[\"astrowind_widgets\", \"awpriceitem\"]", "object_id": 3, "position": 1, "title": {"en": "", "vi": "", "zh": "", "ar": ""}, "description": {"en": "Curabitur suscipit risus", "vi": "Curabitur suscipit risus", "zh": "保持微笑", "ar": "استمتع بوقتك"}, "icon": ""}, {"id": 49, "content_type": "[\"astrowind_widgets\", \"awstep\"]", "object_id": 2, "position": 1, "title": {"en": "Explore plans", "vi": "Khám phá các gói", "zh": "探索计划", "ar": "استكشاف الخطط"}, "description": {"en": "", "vi": "", "zh": "", "ar": ""}, "icon": "tabler:number-1"}, {"id": 57, "content_type": "[\"astrowind_widgets\", \"awfeature2\"]", "object_id": 4, "position": 1, "title": {"en": "General support", "vi": "Hỗ trợ chung", "zh": "常规支持", "ar": "الدعم العام"}, "description": {"en": "Chat with us for inquiries related to account management, website navigation, payment issues, accessing purchased templates or general questions about the website's functionality.", "vi": "Trò chuyện với chúng tôi để được giải đáp các thắc mắc liên quan đến quản lý tài khoản, điều hướng trang web, vấn đề thanh toán, truy cập các mẫu đã mua hoặc các câu hỏi chung về chức năng của trang web.", "zh": "如有账户管理、网站导航、支付问题、访问已购买的模板或网站功能的其他问题，请与我们聊天咨询。", "ar": "تحدث معنا للاستفسارات المتعلقة بإدارة الحساب، التنقل في الموقع، مشاكل الدفع، الوصول إلى القوالب المشتراة أو الأسئلة العامة حول وظائف الموقع."}, "icon": ""}, {"id": 15, "content_type": "[\"astrowind_widgets\", \"awfaq\"]", "object_id": 1, "position": 2, "title": {"en": "What do I need to start?", "vi": "Tôi cần gì để bắt đầu?", "zh": "我需要什么开始？", "ar": "ماذا أحتاج للبدء؟"}, "description": {"en": "Space, the final frontier. These are the voyages of the Starship Enterprise. Its five-year mission: to explore strange new worlds. Many say exploration is part of our destiny, but it’s actually our duty to future generations.", "vi": "Không gian, biên giới cuối cùng. Đây là những chuyến hành trình của Tàu vũ trụ Enterprise. Nhiệm vụ năm năm của nó: khám phá những thế giới mới lạ. Nhiều người nói khám phá là một phần của định mệnh chúng ta, nhưng thực ra đó là nghĩa vụ của chúng ta đối với các thế hệ tương lai.", "zh": "太空，最终的边疆。这是星舰企业号的航行任务。它的五年任务：探索陌生的新世界。许多人说探索是我们的命运的一部分，但实际上这是我们对后代的责任。", "ar": "الفضاء، الحدود النهائية. هذه هي رحلات سفينة الفضاء إنتربرايز. مهمتها التي تستمر لخمس سنوات: استكشاف عوالم جديدة وغريبة. يقول الكثيرون أن الاستكشاف جزء من مصيرنا، ولكنه في الواقع واجبنا تجاه الأجيال القادمة."}, "icon": ""}, {"id": 37, "content_type": "[\"astrowind_widgets\", \"awpriceitem\"]", "object_id": 2, "position": 2, "title": {"en": "", "vi": "", "zh": "", "ar": ""}, "description": {"en": "Ut efficitur habitasse egestas", "vi": "Nâng cao hiệu quả công việc", "zh": "高效的适应能力", "ar": "فعالية لتحقيق النجاح"}, "icon": ""}, {"id": 64, "content_type": "[\"astrowind_widgets\", \"awcontent\"]", "object_id": 4, "position": 2, "title": {"en": "test 2", "vi": "", "zh": "", "ar": ""}, "description": {"en": "test 2", "vi": "", "zh": "", "ar": ""}, "icon": ""}, {"id": 20, "content_type": "[\"astrowind_widgets\", \"awfeature3\"]", "object_id": 2, "position": 2, "title": {"en": "Blog", "vi": "Blog", "zh": "博客", "ar": "مدونة"}, "description": {"en": "Nullam efficitur volutpat sem sed fringilla. Suspendisse et enim eu orci volutpat laoreet ac vitae libero.", "vi": "Nullam efficitur volutpat sem sed fringilla. Hãy để ý và điều chỉnh lối sống của bạn một cách tự do.", "zh": "Nullam efficitur volutpat sem sed fringilla. Suspendisse et enim eu orci volutpat laoreet ac vitae libero.", "ar": "نولام إفيسيترر فولبوتات سيم سيد فرينجيلا. سسبنديسي إيت إينيم إيو أوركي فولبوتات لوريت أك فيتاي ليبرو."}, "icon": "tabler:template"}, {"id": 4, "content_type": "[\"astrowind_widgets\", \"awcontent\"]", "object_id": 1, "position": 2, "title": {"en": "Styled using Tailwind CSS", "vi": "Được thiết kế bằng Tailwind CSS", "zh": "使用Tailwind CSS进行样式设计", "ar": "مصمم باستخدام Tailwind CSS"}, "description": {"en": "Facilitating rapid design and consistent styling with this highly popular utility-first CSS framework.", "vi": "Hỗ trợ thiết kế nhanh chóng và phong cách nhất quán với khung công tác CSS tiện ích đầu tiên này.", "zh": "使用这个非常流行的实用优先CSS框架，实现快速设计和一致的样式。", "ar": "تسهيل التصميم السريع وتنسيق الأسلوب بشكل متسق باستخدام هذا الإطار الشهير الأول في الأدوات CSS."}, "icon": ""}, {"id": 58, "content_type": "[\"astrowind_widgets\", \"awfeature2\"]", "object_id": 4, "position": 2, "title": {"en": "Contact sales", "vi": "Liên hệ bán hàng", "zh": "联系销售人员", "ar": "تواصل مع المبيعات"}, "description": {"en": "Chat with us for questions about purchases, customization options, licensing for commercial use, inquiries about specific template, etc.", "vi": "Trò chuyện với chúng tôi để hỏi về mua hàng, tùy chọn tùy chỉnh, cấp phép sử dụng thương mại, thắc mắc về mẫu cụ thể, v.v.", "zh": "如果您有关于购买、定制选项、商业用途许可、特定模板的疑问等，请与我们聊天。", "ar": "تحدث معنا لأي استفسارات حول الشراء، خيارات التخصيص، الترخيص للاستخدام التجاري، الاستفسارات حول القوالب المحددة، وغيرها."}, "icon": ""}, {"id": 17, "content_type": "[\"astrowind_widgets\", \"awfeature3\"]", "object_id": 1, "position": 2, "title": {"en": "Interior Design", "vi": "Thiết Kế Nội Thất", "zh": "室内设计", "ar": "تصميم داخلي"}, "description": {"en": "Vivamus porttitor, tortor convallis aliquam pretium, turpis enim consectetur elit, vitae egestas purus erat ac nunc nulla.", "vi": "Vivamus porttitor, tortor convallis aliquam pretium, turpis enim consectetur elit, đời sống egestas purus erat ac nunc nulla.", "zh": "Vivamus porttitor，tortor convallis aliquam pretium，turpis enim consectetur elit，vitae egestas purus erat ac nunc nulla。", "ar": "فيفاموس بورتتيتور، تورتر كونفاليس أليكام بريتيوم، توربيس إنيم كونسيكتتور إيليت، فيتاي إيجستاس بورس إيرات أك ننك نولا."}, "icon": "tabler:template"}, {"id": 30, "content_type": "[\"astrowind_widgets\", \"awstep2\"]", "object_id": 2, "position": 2, "title": {"en": "Constant Improvement", "vi": "Cải Tiến Liên Tục", "zh": "持续改进", "ar": "التحسين المستمر"}, "description": {"en": "Phasellus laoreet fermentum venenatis. Vivamus dapibus pulvinar arcu eget mattis. Fusce eget mauris leo.", "vi": "Phasellus laoreet fermentum venenatis. Vivamus dapibus pulvinar arcu eget mattis. Fusce eget mauris leo.", "zh": "Phasellus laoreet fermentum venenatis. Vivamus dapibus pulvinar arcu eget mattis. Fusce eget mauris leo.", "ar": "فاسيلوس اللوريت فيرمنتوم فينيناتيس. فيفاموس دابيبيس بولفينار أركو إيجيت ماتيس. فوسك إيجيت موريس ليو."}, "icon": ""}, {"id": 24, "content_type": "[\"astrowind_widgets\", \"awfeature2\"]", "object_id": 2, "position": 2, "title": {"en": "Spain", "vi": "Tây Ban Nha", "zh": "西班牙", "ar": "إسبانيا"}, "description": {"en": "5678 Lorem Ipsum St, 56789, Madrid", "vi": "5678 Lorem Ipsum St, 56789, Madrid", "zh": "5678 Lorem Ipsum 街, 56789, 马德里", "ar": "5678 شارع لوريم إيبسوم، 56789، مدريد"}, "icon": ""}, {"id": 33, "content_type": "[\"astrowind_widgets\", \"awpriceitem\"]", "object_id": 1, "position": 2, "title": {"en": "", "vi": "", "zh": "", "ar": ""}, "description": {"en": "Aenean ac nunc dolor tristique", "vi": "Aenean ac nunc dolor tristique", "zh": "一个简洁易懂的描述", "ar": "عيش حياتك براحة وسهولة"}, "icon": ""}, {"id": 46, "content_type": "[\"astrowind_widgets\", \"awfeature3\"]", "object_id": 3, "position": 2, "title": {"en": "Transparent Pricing", "vi": "Giá Cả Minh Bạch", "zh": "透明价格", "ar": "تسعير شفاف"}, "description": {"en": "Clearly displayed pricing details for each plan, with no hidden costs or unexpected charges.", "vi": "Chi tiết giá được hiển thị rõ ràng cho từng gói, không có chi phí ẩn hoặc phụ phí bất ngờ.", "zh": "清晰展示每个方案的价格详情，无隐藏费用或意外收费。", "ar": "عرض واضح لتفاصيل أسعار كل خطة، بدون تكاليف مخفية أو رسوم غير متوقعة."}, "icon": "tabler:flip-vertical"}, {"id": 42, "content_type": "[\"astrowind_widgets\", \"awpriceitem\"]", "object_id": 3, "position": 2, "title": {"en": "", "vi": "", "zh": "", "ar": ""}, "description": {"en": "Aliquam habitasse malesuada", "vi": "Aliquam habitasse malesuada", "zh": "居住环境优美", "ar": "عليكم هابتاسي ماليزادا"}, "icon": ""}, {"id": 50, "content_type": "[\"astrowind_widgets\", \"awstep\"]", "object_id": 2, "position": 2, "title": {"en": "Select a plan", "vi": "Chọn gói", "zh": "选择一个方案", "ar": "اختر خطة"}, "description": {"en": "", "vi": "", "zh": "", "ar": ""}, "icon": "tabler:number-2"}, {"id": 12, "content_type": "[\"astrowind_widgets\", \"awfeature2\"]", "object_id": 1, "position": 2, "title": {"en": "Heros", "vi": "Heros", "zh": "英雄区", "ar": "الأبطال"}, "description": {"en": "Picture a superhero landing – epic, right? That's the job of a Hero section, making grand entrances!", "vi": "Hãy tưởng tượng một siêu anh hùng hạ cánh – hoành tráng phải không? Đó là nhiệm vụ của phần Hero, tạo ra những màn xuất hiện ấn tượng!", "zh": "想象一下超级英雄的着陆场景——很震撼，对吧？这就是英雄区的任务，制造盛大的登场效果！", "ar": "تخيل هبوط بطل خارق - مذهل، أليس كذلك؟ هذا هو دور قسم الأبطال، صنع مداخل رائعة!"}, "icon": "flat-color-icons:gallery"}, {"id": 10, "content_type": "[\"astrowind_widgets\", \"awstep\"]", "object_id": 1, "position": 2, "title": {"en": "Step 2: <span class=\"font-medium\">Add content</em>", "vi": "Bước 2: <span class=\"font-medium\">Thêm nội dung</em>", "zh": "步骤 2：<span class=\"font-medium\">添加内容</span>", "ar": "الخطوة 2: <span class=\"font-medium\">أضف المحتوى</em>"}, "description": {"en": "Pour your vision into it. Add images, text, and all that jazz to breathe life into your digital space. Remember, it's the content that tells your story, so make it captivating.", "vi": "Thỏa sức sáng tạo. Thêm hình ảnh, văn bản, và mọi thứ để làm sống động không gian số của bạn. Nhớ rằng, chính nội dung sẽ kể câu chuyện của bạn, vì vậy hãy làm cho nó thật cuốn hút.", "zh": "把你的想法注入其中。添加图片、文字和各种元素，让你的数字空间充满活力。记住，是内容在讲述你的故事，所以要让它引人入胜。", "ar": "ضع رؤيتك فيها. أضف الصور والنصوص وكل الأشياء التي تضيف الحيوية إلى مساحتك الرقمية. تذكر، المحتوى هو الذي يروي قصتك، لذا اجعله جذابًا."}, "icon": "tabler:letter-case"}, {"id": 8, "content_type": "[\"astrowind_widgets\", \"awcontent\"]", "object_id": 3, "position": 2, "title": {"en": "Continuous improvement", "vi": "Cải tiến liên tục", "zh": "持续改进", "ar": "التحسين المستمر"}, "description": {"en": "Ensure your website stays aligned with the latest trends and technologies through regular updates and enhancements.", "vi": "Đảm bảo trang web của bạn luôn theo kịp các xu hướng và công nghệ mới nhất thông qua các bản cập nhật và nâng cấp thường xuyên.", "zh": "通过定期更新和增强，让您的网站始终与最新趋势和技术保持一致。", "ar": "تأكد من أن موقعك يواكب أحدث الاتجاهات والتقنيات من خلال التحديثات والتحسينات الدورية."}, "icon": ""}, {"id": 6, "content_type": "[\"astrowind_widgets\", \"awcontent\"]", "object_id": 2, "position": 2, "title": {"en": "Multiple layout possibilities", "vi": "Nhiều tùy chọn bố cục", "zh": "多种布局可能性", "ar": "خيارات تخطيط متعددة"}, "description": {"en": "Explore various layout options to find the structure that best presents your content, enhancing user engagement and navigation.", "vi": "Khám phá các tùy chọn bố cục khác nhau để tìm ra cấu trúc phù hợp nhất, tăng cường sự tương tác và điều hướng của người dùng.", "zh": "探索各种布局选项，找到最适合展示内容的结构，提升用户参与度和导航体验。", "ar": "استكشف خيارات التخطيط المختلفة للعثور على البنية التي تعرض المحتوى الخاص بك بشكل أفضل، مما يعزز التفاعل والملاحة للمستخدم."}, "icon": ""}, {"id": 28, "content_type": "[\"astrowind_widgets\", \"awfeature2\"]", "object_id": 3, "position": 2, "title": {"en": "Call us", "vi": "Liên hệ với chúng tôi", "zh": "联系我们", "ar": "اتصل بنا"}, "description": {"en": "Mauris faucibus finibus orci, in posuere elit viverra non. In hac habitasse platea dictumst. Cras lobortis metus a hendrerit congue.", "vi": "Mauris faucibus finibus orci, trong tư thế elit sống động. Trong hac habitasse platea dictumst. Cras lobortis metus a hendrerit congue.", "zh": "Mauris faucibus finibus orci, 在精英位置的生活方式。 在这个区域的习惯。 Cras lobortis metus a hendrerit congue.", "ar": "موريس فوسيباوس فينيبوس أورسي، في بوسوير إليت فيفيرا نون. في هاك هابيتاسي بلاتيا ديكتومست. كراس لوبورتيس ميتوس أ هندريريت كونغي."}, "icon": "tabler:headset"}, {"id": 2, "content_type": "[\"astrowind_widgets\", \"awfeature\"]", "object_id": 1, "position": 2, "title": {"en": "Ready-to-use Components", "vi": "Thành phần sẵn sàng sử dụng", "zh": "即用组件", "ar": "مكونات جاهزة للاستخدام"}, "description": {"en": "Widgets made with Tailwind CSS ready to be used in Marketing Websites, SaaS, Blogs, Personal Profiles, Small Business...", "vi": "Các widget được làm bằng Tailwind CSS, sẵn sàng sử dụng cho các trang web Marketing, SaaS, Blog, Hồ sơ cá nhân, Doanh nghiệp nhỏ...", "zh": "使用Tailwind CSS制作的小部件，适用于营销网站、SaaS、博客、个人资料、小型企业...", "ar": "عناصر واجهة مصنوعة باستخدام Tailwind CSS جاهزة للاستخدام في مواقع التسويق، SaaS، المدونات، الملفات الشخصية، الأعمال الصغيرة..."}, "icon": "tabler:components"}, {"id": 22, "content_type": "[\"astrowind_widgets\", \"awstep2\"]", "object_id": 1, "position": 2, "title": {"en": "Positive customer feedback and reviews", "vi": "Phản hồi và đánh giá tích cực từ khách hàng", "zh": "正面的客户反馈和评价", "ar": "مراجعات وتقييمات العملاء الإيجابية"}, "description": {"en": "Cras semper nulla leo, eget laoreet erat cursus sed. Praesent faucibus massa in purus iaculis dictum.", "vi": "Cras semper nulla leo, eget laoreet erat cursus sed. Praesent faucibus massa in purus iaculis dictum.", "zh": "Cras semper nulla leo, eget laoreet erat cursus sed. Praesent faucibus massa in purus iaculis dictum.", "ar": "كراس سيمبر نولا ليو، إجيت لوريت إيرات كورسوس سيد. برايسنت فاوكيبوس ماسا إن بوروس إياكوليس ديكتوم."}, "icon": "tabler:message-star"}, {"id": 53, "content_type": "[\"astrowind_widgets\", \"awfaq\"]", "object_id": 2, "position": 2, "title": {"en": "Is there a trial period for the different plans?", "vi": "Có thời gian dùng thử cho các gói khác nhau không?", "zh": "不同方案是否有试用期？", "ar": "هل هناك فترة تجريبية للخطط المختلفة؟"}, "description": {"en": "Unfortunately, we don't offer trial periods for the plans. However, you can check out our demo section to preview the quality of our templates.", "vi": "Rất tiếc, chúng tôi không cung cấp thời gian dùng thử cho các gói. Tuy nhiên, bạn có thể xem phần demo của chúng tôi để xem trước chất lượng của các mẫu.", "zh": "很遗憾，我们不提供方案试用期。不过，您可以查看我们的演示部分，预览模板的质量。", "ar": "للأسف، لا نوفر فترات تجريبية للخطط. ومع ذلك، يمكنك الاطلاع على قسم العرض التجريبي لمعاينة جودة قوالبنا."}, "icon": ""}, {"id": 13, "content_type": "[\"astrowind_widgets\", \"awfeature2\"]", "object_id": 1, "position": 3, "title": {"en": "Features", "vi": "Tính Năng", "zh": "功能", "ar": "الميزات"}, "description": {"en": "Where websites strut their stuff and show off superpowers. No holding back on the bragging rights here!", "vi": "Nơi các trang web khoe tài nghệ và trình diễn siêu năng lực. Không ngại thể hiện sự tự hào ở đây!", "zh": "网站展示其强大功能的地方。这里尽情炫耀，无需谦虚！", "ar": "حيث تستعرض المواقع إمكانياتها وتُظهر قوتها الخارقة. لا تردد في التفاخر هنا!"}, "icon": "flat-color-icons:approval"}, {"id": 51, "content_type": "[\"astrowind_widgets\", \"awstep\"]", "object_id": 2, "position": 3, "title": {"en": "Sign Up / Log In", "vi": "Đăng Ký / Đăng Nhập", "zh": "注册 / 登录", "ar": "تسجيل الدخول / الاشتراك"}, "description": {"en": "", "vi": "", "zh": "", "ar": ""}, "icon": "tabler:number-3"}, {"id": 59, "content_type": "[\"astrowind_widgets\", \"awfeature2\"]", "object_id": 4, "position": 3, "title": {"en": "Technical support", "vi": "Hỗ trợ kỹ thuật", "zh": "技术支持", "ar": "الدعم الفني"}, "description": {"en": "Chat with us when facing issues like template installation, problems editing difficulties, compatibility issues with software or download errors, or other technical challenges related to using the templates.", "vi": "Chat với chúng tôi khi gặp các vấn đề như cài đặt mẫu, khó khăn trong việc chỉnh sửa, vấn đề tương thích với phần mềm hoặc lỗi tải xuống, hoặc các thách thức kỹ thuật khác liên quan đến việc sử dụng các mẫu.", "zh": "在遇到模板安装问题、编辑困难、软件兼容性问题或下载错误等技术挑战时，与我们聊天交流。", "ar": "تحدث معنا عند مواجهة مشاكل مثل تثبيت القوالب، صعوبات في التحرير، مشاكل التوافق مع البرمجيات أو أخطاء التنزيل، أو أي تحديات تقنية أخرى تتعلق باستخدام القوالب."}, "icon": ""}, {"id": 38, "content_type": "[\"astrowind_widgets\", \"awpriceitem\"]", "object_id": 2, "position": 3, "title": {"en": "", "vi": "", "zh": "", "ar": ""}, "description": {"en": "Volutpat hac curabitur", "vi": "Volutpat hac curabitur", "zh": "沃卢帕特哈克居拉比图尔", "ar": "فولتبات هاك كورابيتور"}, "icon": ""}, {"id": 54, "content_type": "[\"astrowind_widgets\", \"awfaq\"]", "object_id": 2, "position": 3, "title": {"en": "Can I switch between plans?", "vi": "Tôi có thể chuyển đổi giữa các gói không?", "zh": "我可以切换计划吗？", "ar": "هل يمكنني التبديل بين الخطط؟"}, "description": {"en": "Certainly! You can easily upgrade or downgrade your plan, at any time, to find the one that best suits your evolving requirements.", "vi": "Chắc chắn rồi! Bạn có thể dễ dàng nâng cấp hoặc hạ cấp gói của mình bất kỳ lúc nào để tìm ra gói phù hợp nhất với nhu cầu thay đổi của bạn.", "zh": "当然可以！您可以随时轻松升级或降级您的计划，以找到最适合您不断变化需求的方案。", "ar": "بالتأكيد! يمكنك بسهولة ترقية أو تخفيض خطتك في أي وقت لتجد الخطة التي تناسب احتياجاتك المتغيرة."}, "icon": ""}, {"id": 34, "content_type": "[\"astrowind_widgets\", \"awpriceitem\"]", "object_id": 1, "position": 3, "title": {"en": "", "vi": "", "zh": "", "ar": ""}, "description": {"en": "Cras scelerisque accumsan lib", "vi": "Cras scelerisque accumsan lib", "zh": "提升技能的绝佳机会", "ar": "كراس سكيليزك آكومسان ليب"}, "icon": ""}, {"id": 31, "content_type": "[\"astrowind_widgets\", \"awstep2\"]", "object_id": 2, "position": 3, "title": {"en": "Ethical Practices", "vi": "Thực Hành Đạo Đức", "zh": "伦理实践", "ar": "الممارسات الأخلاقية"}, "description": {"en": "Vestibulum imperdiet libero et lectus molestie, et maximus augue porta. Orci varius natoque penatibus et magnis dis parturient montes, nascetur ridiculus mus.", "vi": "Vestibulum imperdiet libero et lectus molestie, et maximus augue porta. Orci varius natoque penatibus et magnis dis parturient montes, nascetur ridiculus mus.", "zh": "前言：自由和轻松的干预，以及极大的最大化。不同的意大利和伟大的山脉将诞生荒谬的鼠标。", "ar": "يجب أن تكون الممارسات الأخلاقية جزءًا أساسيًا من أي مؤسسة. يمكن أن تساهم في بناء ثقة قوية بين الشركة وعملائها، وكذلك تعزيز سمعة الشركة في السوق."}, "icon": ""}, {"id": 47, "content_type": "[\"astrowind_widgets\", \"awfeature3\"]", "object_id": 3, "position": 3, "title": {"en": "Secure Payment Methods", "vi": "Phương Thức Thanh Toán An Toàn", "zh": "安全支付方式", "ar": "طرق دفع آمنة"}, "description": {"en": "Secure payment gateways to protect your financial information during transactions.", "vi": "Cổng thanh toán an toàn để bảo vệ thông tin tài chính của bạn trong quá trình giao dịch.", "zh": "安全支付网关保护您的财务信息在交易过程中不受侵害。", "ar": "بوابات دفع آمنة لحماية معلوماتك المالية أثناء المعاملات."}, "icon": "tabler:shield-lock"}, {"id": 25, "content_type": "[\"astrowind_widgets\", \"awfeature2\"]", "object_id": 2, "position": 3, "title": {"en": "Australia", "vi": "Australia", "zh": "澳大利亚", "ar": "أستراليا"}, "description": {"en": "9012 Lorem Ipsum St, 90123, Sydney", "vi": "9012 Lorem Ipsum St, 90123, Sydney", "zh": "9012 Lorem Ipsum 街, 90123, 悉尼", "ar": "9012 شارع لوريم إيبسوم، 90123، سيدني"}, "icon": ""}, {"id": 43, "content_type": "[\"astrowind_widgets\", \"awpriceitem\"]", "object_id": 3, "position": 3, "title": {"en": "", "vi": "", "zh": "", "ar": ""}, "description": {"en": "Suspendisse sit amet blandit", "vi": "Hãy để mọi thứ diễn ra một cách tự nhiên", "zh": "请保持优雅", "ar": "تعليق: علق بعبارة لطيفة"}, "icon": ""}, {"id": 18, "content_type": "[\"astrowind_widgets\", \"awfeature3\"]", "object_id": 1, "position": 3, "title": {"en": "Photography", "vi": "Nhiếp ảnh", "zh": "摄影", "ar": "التصوير الفوتوغرافي"}, "description": {"en": "Duis sed lectus in nisl vehicula porttitor eget quis odio. Aliquam erat volutpat. Nulla eleifend nulla id sem fermentum.", "vi": "Duis sed lectus in nisl vehicula porttitor eget quis odio. Aliquam erat volutpat. Nulla eleifend nulla id sem fermentum.", "zh": "Duis sed lectus in nisl vehicula porttitor eget quis odio. Aliquam erat volutpat. Nulla eleifend nulla id sem fermentum.", "ar": "دوس سيد ليكتوس إن نسيل فيهيكولا بورتيتور إيجيت كويز أوديو. أليكوام إيرات وولبوتات. نولا إيليفيند نولا إيد سيم فيرمنتوم."}, "icon": "tabler:template"}, {"id": 26, "content_type": "[\"astrowind_widgets\", \"awfeature2\"]", "object_id": 2, "position": 4, "title": {"en": "Brazil", "vi": "Brazil", "zh": "巴西", "ar": "البرازيل"}, "description": {"en": "3456 Lorem Ipsum St, 34567, São Paulo", "vi": "3456 Lorem Ipsum St, 34567, São Paulo", "zh": "3456 Lorem Ipsum 街, 34567, 圣保罗", "ar": "3456 شارع لوريم إيبسوم، 34567، ساو باولو"}, "icon": ""}, {"id": 35, "content_type": "[\"astrowind_widgets\", \"awpriceitem\"]", "object_id": 1, "position": 4, "title": {"en": "", "vi": "", "zh": "", "ar": ""}, "description": {"en": "In hac habitasse", "vi": "Trong hac habitasse", "zh": "在这个环境中", "ar": "في هذا المكان"}, "icon": ""}, {"id": 39, "content_type": "[\"astrowind_widgets\", \"awpriceitem\"]", "object_id": 2, "position": 4, "title": {"en": "", "vi": "", "zh": "", "ar": ""}, "description": {"en": "Pellentesque blandit ut nibh", "vi": "Pellentesque blandit ut nibh", "zh": "轻松享受宁静", "ar": "بلانديت بيلينتيسكوي إلى نبه"}, "icon": ""}, {"id": 44, "content_type": "[\"astrowind_widgets\", \"awpriceitem\"]", "object_id": 3, "position": 4, "title": {"en": "", "vi": "", "zh": "", "ar": ""}, "description": {"en": "Suspendisse auctor blandit dui", "vi": "Tạm dừng lại công việc của bạn", "zh": "暂停的权威使人感到乏味", "ar": "توقف عن تقديم تعليمات مملة"}, "icon": ""}, {"id": 48, "content_type": "[\"astrowind_widgets\", \"awfeature3\"]", "object_id": 3, "position": 4, "title": {"en": "Instant Access", "vi": "Truy cập ngay lập tức", "zh": "立即访问", "ar": "الوصول الفوري"}, "description": {"en": "Immediate access to your chosen plan's features and templates upon subscription.", "vi": "Truy cập ngay các tính năng và mẫu của gói bạn chọn sau khi đăng ký.", "zh": "订阅后即可立即访问您选择的计划的功能和模板。", "ar": "الوصول الفوري إلى ميزات وخطط القوالب المختارة عند الاشتراك."}, "icon": "tabler:accessible"}, {"id": 55, "content_type": "[\"astrowind_widgets\", \"awfaq\"]", "object_id": 2, "position": 4, "title": {"en": "What payment methods do you accept?", "vi": "Bạn chấp nhận các phương thức thanh toán nào?", "zh": "接受哪些支付方式？", "ar": "ما هي طرق الدفع التي تقبلونها؟"}, "description": {"en": "We accept major credit cards and online payment methods to ensure a convenient and secure transaction process.", "vi": "Chúng tôi chấp nhận các thẻ tín dụng chính và các phương thức thanh toán trực tuyến để đảm bảo quá trình giao dịch thuận tiện và an toàn.", "zh": "我们接受主要的信用卡和在线支付方式，确保交易过程方便且安全。", "ar": "نقبل بطاقات الائتمان الرئيسية وطرق الدفع عبر الإنترنت لضمان عملية دفع مريحة وآمنة."}, "icon": ""}, {"id": 60, "content_type": "[\"astrowind_widgets\", \"awfeature2\"]", "object_id": 4, "position": 4, "title": {"en": "Phone", "vi": "Điện thoại", "zh": "电话", "ar": "الهاتف"}, "description": {"en": "+1 (234) 567-890", "vi": "+1 (234) 567-890", "zh": "+1 (234) 567-890", "ar": "+1 (234) 567-890"}, "icon": "tabler:headset"}, {"id": 56, "content_type": "[\"astrowind_widgets\", \"awfaq\"]", "object_id": 2, "position": 5, "title": {"en": "Are there any hidden fees beyond the displayed cost?", "vi": "Có bất kỳ phí ẩn nào ngoài chi phí hiển thị không?", "zh": "显示费用之外是否有隐藏费用？", "ar": "هل هناك أي رسوم مخفية تتجاوز التكلفة المعروضة؟"}, "description": {"en": "No, the subscription cost covers all the features and templates listed under each plan. There are no hidden fees or extra charges.", "vi": "Không, chi phí đăng ký đã bao gồm tất cả các tính năng và mẫu được liệt kê trong mỗi gói. Không có phí ẩn hoặc phụ phí nào khác.", "zh": "没有，订阅费用涵盖了每个计划下列出的所有功能和模板。没有隐藏费用或额外收费。", "ar": "لا، تكلفة الاشتراك تشمل جميع الميزات والقوالب المدرجة تحت كل خطة. لا توجد رسوم مخفية أو تكاليف إضافية."}, "icon": ""}, {"id": 40, "content_type": "[\"astrowind_widgets\", \"awpriceitem\"]", "object_id": 2, "position": 5, "title": {"en": "", "vi": "", "zh": "", "ar": ""}, "description": {"en": "Donec fringilla sem", "vi": "Hoàn thành viền trang trí", "zh": "完成边缘", "ar": "تمت fringilla sem"}, "icon": ""}, {"id": 61, "content_type": "[\"astrowind_widgets\", \"awfeature2\"]", "object_id": 4, "position": 5, "title": {"en": "Email", "vi": "Email", "zh": "电子邮件", "ar": "البريد الإلكتروني"}, "description": {"en": "contact@support.com", "vi": "contact@support.com", "zh": "contact@support.com", "ar": "contact@support.com"}, "icon": "tabler:mail"}, {"id": 62, "content_type": "[\"astrowind_widgets\", \"awfeature2\"]", "object_id": 4, "position": 6, "title": {"en": "Location", "vi": "Địa điểm", "zh": "位置", "ar": "الموقع"}, "description": {"en": "1234 Lorem Ipsum St, 12345, Miami, EEUU", "vi": "1234 Lorem Ipsum St, 12345, Miami, EEUU", "zh": "1234 Lorem Ipsum 街, 12345, 迈阿密, 美国", "ar": "1234 شارع لوريم إيبسوم، 12345، ميامي، الولايات المتحدة الأمريكية"}, "icon": "tabler:map-pin"}]