[{"id": 1, "title": {"en": "basic", "vi": "cơ bản", "zh": "基础", "ar": "أساسي"}, "subtitle": {"en": "Optimal choice for personal use", "vi": "Lựa chọn tối ưu cho sử dụng cá nhân", "zh": "个人使用的最佳选择", "ar": "الخيار الأمثل للاستخدام الشخصي"}, "price": {"en": "29", "vi": "29", "zh": "29", "ar": "29"}, "period": {"en": "per month", "vi": "mỗi tháng", "zh": "每月", "ar": "شهريًا"}, "has_ribbon": "0", "ribbon_title": {"en": "", "vi": "", "zh": "", "ar": ""}, "call_to_action": 4}, {"id": 2, "title": {"en": "standard", "vi": "tiêu chuẩn", "zh": "标准版", "ar": "قياسي"}, "subtitle": {"en": "Optimal choice for small teams", "vi": "Lựa chọn tối ưu cho các nhóm nhỏ", "zh": "小团队的最佳选择", "ar": "الخيار الأمثل للفرق الصغيرة"}, "price": {"en": "69", "vi": "69", "zh": "69", "ar": "69"}, "period": {"en": "Per Month", "vi": "Mỗi tháng", "zh": "每月", "ar": "شهرياً"}, "has_ribbon": "1", "ribbon_title": {"en": "popular", "vi": "phổ biến", "zh": "热门", "ar": "الأكثر شيوعاً"}, "call_to_action": 4}, {"id": 3, "title": {"en": "premium", "vi": "premium", "zh": "高级版", "ar": "ممتاز"}, "subtitle": {"en": "Optimal choice for companies", "vi": "Lựa chọn tối ưu cho các công ty", "zh": "企业的最佳选择", "ar": "الخيار الأمثل للشركات"}, "price": {"en": "199", "vi": "199", "zh": "199", "ar": "199"}, "period": {"en": "Per Month", "vi": "Mỗi tháng", "zh": "每月", "ar": "شهريًا"}, "has_ribbon": "0", "ribbon_title": {"en": "", "vi": "", "zh": "", "ar": ""}, "call_to_action": 4}]