[{"id": 1, "title": {"en": "Downloads", "vi": "Tải về", "zh": "下载量", "ar": "التنزيلات"}, "amount": {"en": "132K", "vi": "132K", "zh": "13.2万", "ar": "١٣٢ ألف"}, "icon": ""}, {"id": 2, "title": {"en": "Stars", "vi": "Ngôi sao", "zh": "星标", "ar": "النجوم"}, "amount": {"en": "24.8K", "vi": "24,8K", "zh": "24.8K", "ar": "24.8K"}, "icon": ""}, {"id": 3, "title": {"en": "Forks", "vi": "Forks", "zh": "Forks", "ar": "تفرعات"}, "amount": {"en": "10.3K", "vi": "10,3K", "zh": "10.3K", "ar": "10.3K"}, "icon": ""}, {"id": 4, "title": {"en": "Users", "vi": "Người dùng", "zh": "用户", "ar": "المستخدمين"}, "amount": {"en": "48.4K", "vi": "48.4K", "zh": "48.4K", "ar": "48.4 ألف"}, "icon": ""}, {"id": 7, "title": {"en": "Templates", "vi": "Mẫu", "zh": "模板", "ar": "القوالب"}, "amount": {"en": "12", "vi": "12", "zh": "12", "ar": "12"}, "icon": ""}, {"id": 8, "title": {"en": "Awards", "vi": "Giải thưởng", "zh": "奖项", "ar": "الجوائز"}, "amount": {"en": "24", "vi": "24", "zh": "24", "ar": "24"}, "icon": ""}, {"id": 5, "title": {"en": "Offices", "vi": "Văn phòng", "zh": "办公室", "ar": "المكاتب"}, "amount": {"en": "4", "vi": "4", "zh": "4", "ar": "4"}, "icon": ""}, {"id": 6, "title": {"en": "Employees", "vi": "Nhân viên", "zh": "员工", "ar": "الموظفين"}, "amount": {"en": "248", "vi": "248", "zh": "248", "ar": "248"}, "icon": ""}]