[{"id": 1, "title": {"en": "Get your dream website up and running in no time with AstroWind.", "vi": "Khởi tạo trang web mơ ước của bạn nhanh chóng với AstroWind.", "zh": "使用AstroWind快速打造您的梦想网站。", "ar": "احصل على موقع أحلامك وابدأ بتشغيله فوراً مع Astrowind."}, "subtitle": {"en": "", "vi": "", "zh": "", "ar": ""}, "tagline": {"en": "", "vi": "", "zh": "", "ar": ""}, "html_id": "", "is_reversed": "0", "image": 5}, {"id": 2, "title": {"en": "A guided journey from plans to creativity", "vi": "Hành trình từ kế hoạch đến sáng tạo", "zh": "从计划到创意的引导之旅", "ar": "رحلة موجهة من التخطيط إلى الإبداع"}, "subtitle": {"en": "", "vi": "", "zh": "", "ar": ""}, "tagline": {"en": "simplified process", "vi": "quy trình đơn giản", "zh": "简化流程", "ar": "عملية مبسطة"}, "html_id": "", "is_reversed": "1", "image": 7}]