[{"id": 1, "title": {"en": "Achievements", "vi": "Thành tựu", "zh": "成就", "ar": "الإنجازات"}, "subtitle": {"en": "Lorem ipsum dolor sit amet, consectetur adipiscing elit. Morbi sagittis, quam nec venenatis lobortis, mi risus tempus nulla, sed porttitor est nibh at nulla.", "vi": "Lorem ipsum dolor sit amet, consectetur adipiscing elit. Morbi sagittis, quam nec venenatis lobortis, mi risus tempus nulla, sed porttitor est nibh at nulla.", "zh": "Lorem ipsum dolor sit amet, consectetur adipiscing elit. Morbi sagittis, quam nec venenatis lobortis, mi risus tempus nulla, sed porttitor est nibh at nulla.", "ar": "لوريم إيبسوم دولور سيت أميت، كونسيكتيتور أديبيسشينغ إيليت. موربي ساجيتيس، كوام نيك فينيناتيس لوبورتيس، مي ريسوس تيمبوس نيلا، سيد بورتتيتور إيست نيبه أت نيلا."}, "tagline": {"en": "", "vi": "", "zh": "", "ar": ""}, "html_id": "", "is_reversed": "0", "call_to_action": 3}, {"id": 2, "title": {"en": "Our values", "vi": "Giá trị của chúng tôi", "zh": "我们的价值观", "ar": "قيمنا"}, "subtitle": {"en": "Maecenas eu tellus eget est scelerisque lacinia et a diam. Aliquam velit lorem, vehicula id fermentum et, rhoncus et purus. Nulla facilisi. Vestibulum malesuada lacus.", "vi": "Maecenas eu tellus eget est scelerisque lacinia et a diam. Aliquam velit lorem, vehicula id fermentum et, rhoncus et purus. Nulla facilisi. Vestibulum malesuada lacus.", "zh": "我们重视诚信和合作，致力于提供卓越的服务和创新。", "ar": "مايكنس يو تيلوس إيجيست إيست سكيليريسك لاشينيا إت أ ديام. أليكوام فيليت لوريم، فيهيكولا إيد فيرمنتوم إت، رونسوس إت بوروس. نولا فاسيليسي. فيستيبيولوم ماليسوادا لاكوس."}, "tagline": {"en": "", "vi": "", "zh": "", "ar": ""}, "html_id": "", "is_reversed": "0", "call_to_action": ""}]